{
  "version": 1,
  "calibration": {
    "gravity": [
      0.019947680051863197,
      0.990193335246465,
      -0.138272372128457
    ],
    "scale_status": "calibrated",
    "meters_per_unit": 2.3454195325820097,
    "vertical_status": "auto",
    "world_transform": [
      [
        2.250553780794295,
        0.046637715675182496,
        0.6586542241921777,
        1.2842225017048947
      ],
      [
        -0.046785678423336724,
        -2.3224187895195985,
        0.3243067224065332,
        2.316533279148903
      ],
      [
        0.6586437306040853,
        -0.32432803360209383,
        -2.227553040125645,
        0.06274891521592545
      ],
      [
        0.0,
        0.0,
        0.0,
        1.0
      ]
    ]
  }
}